ชื่ออังกฤษ,ชื่อไทย,สรรพคุณ,หมวดหมู่ยา,วิธีใช้ยา ข้อความดิบทางการแพทย์ (จากอย. หรือ องค์กรเภสัชกรรม !!),ข้อระวัง ข้อความดิบทางการแพทย์ (จากอย. หรือ องค์กรเภสัชกรรม !!),อาการข้างเคียง ข้อความดิบทางการแพทย์ (จากอย. หรือ องค์กรเภสัชกรรม !!)
Metformin,เมทฟอร์มิน,ควบคุมระดับน้ำตาลในเลือดและรักษาภาวะเบาหวานชนิดที่ 2,ยารักษาโรคเบาหวาน (Antidiabetic Agents),รับประทานพร้อมอาหารหรือหลังอาหารทันทีเพื่อลดผลข้างเคียงต่อระบบทางเดินอาหาร,ห้ามใช้ในผู้ป่วยที่มีภาวะ Renal Impairment หรืออัตราการกรองของไต (eGFR) < 30 mL/min/1.73m²,เสี่ยงต่อการเกิดภาวะ Lactic Acidosis และระคายเคือง Gastrointestinal tract
Glipizide,กลีพิไซด์,กระตุ้นการหลั่งอินซูลินจากตับอ่อนเพื่อลดระดับน้ำตาลในเลือด,ยารักษาโรคเบาหวาน (Antidiabetic Agents),รับประทานก่อนอาหารมื้อหลัก 30 นาที เพื่อประสิทธิภาพในการกระตุ้นการหลั่งอินซูลิน,พึงระวังการเกิดภาวะ Severe Hypoglycemia ในผู้สูงอายุและผู้ป่วยที่มีภาวะตับบกพร่อง,"อาจส่งผลให้เกิดอาการ Diaphoresis, Palpitation และวิงเวียนศีรษะจากน้ำตาลในเลือดต่ำ"
Pioglitazone,ไพโอกลิตาโซน,เพิ่มความไวต่ออินซูลินและลดการสร้างน้ำตาลจากตับ,ยารักษาโรคเบาหวาน (Antidiabetic Agents),รับประทานวันละ 1 ครั้ง โดยไม่สัมพันธ์กับมื้ออาหาร,ห้ามใช้ในผู้ป่วยที่มีประวัติ New NYHA Class III หรือ IV Heart Failure เนื่องจากเสี่ยงต่อการคั่งของน้ำ,มีอุบัติการณ์เกิด Peripheral Edema และมีน้ำหนักตัวเพิ่มขึ้นจากการสะสมของของเหลว
Amlodipine,แอมโลดิพีน,ขยายหลอดเลือดส่วนปลายเพื่อลดความดันโลหิตสูงและป้องกันภาวะเจ็บแน่นหน้าอก,ยาลดความดันโลหิตสูง (Antihypertensive Agents),รับประทานวันละ 1 ครั้ง เวลาเดียวกันในแต่ละวันเพื่อคงระดับยาในกระแสเลือด,พึงระวังภาวะ Orthostatic Hypotension ในผู้ป่วยสูงอายุขณะเปลี่ยนอิริยาบถอย่างกะทันหัน,อาจก่อให้เกิดอาการ Peripheral Edema บริเวณข้อเท้า และภาวะ Facial Flushing จากหลอดเลือดขยายตัว
Losartan,โลซาร์แทน,ลดความดันโลหิตและชะลอความเสื่อมของไตในผู้ป่วยเบาหวาน,ยาลดความดันโลหิตสูง (Antihypertensive Agents),รับประทานวันละ 1 ครั้ง สามารถรับประทานก่อนหรือหลังอาหารก็ได้,ห้ามใช้ร่วมกับยากลุ่ม ACEIs หรือ Aliskiren และห้ามใช้ในสตรีมีครรภ์เนื่องจากมีฤทธิ์เป็น Fetotoxicity,อาจส่งผลให้เกิดภาวะ Hyperkalemia (โพแทสเซียมในเลือดสูง) และมีอาการ Vertigo
Enalapril,อีนนาลาพริล,ลดความดันโลหิต ขยายหลอดเลือด และลดภาระการทำงานของหัวใจ,ยาลดความดันโลหิตสูง (Antihypertensive Agents),รับประทานวันละ 1-2 ครั้ง ตามขนาดยาที่แพทย์ปรับเปลี่ยนตามสภาวะโรค,อาจก่อให้เกิดอาการ Idiopathic Dry Cough อันเนื่องมาจากปฏิกิริยาเพิ่มขึ้นของ Bradykinin,มีความเสี่ยงต่อการเกิด Angioedema (อาการบวมของเนื้อเยื่อชั้นลึก) และผื่นผิวหนัง
Atenolol,อาเทโนลอล,ลดความดันโลหิต ควบคุมอัตราการเต้นของหัวใจ และลดอาการใจสั่น,ยาลดความดันโลหิตสูง (Antihypertensive Agents),รับประทานก่อนอาหารอย่างน้อย 1 ชั่วโมง ขณะท้องว่างเพื่อให้ยาดูดซึมได้สูงสุด,ห้ามทำการหยุดยาในทันทีทันใด (Abrupt Cessation) เนื่องจากอาจกระตุ้นให้เกิด Rebound Hypertension,ส่งผลให้เกิดภาวะ Bradycardia (ชีพจรเต้นช้า) และ Fatigue (อ่อนเพลียเรื้อรัง)
Hydrochlorothiazide,ไฮโดรคลอโรไทอะไซด์,ขับปัสสาวะเพื่อลดปริมาณน้ำคั่งในร่างกายและลดความดันโลหิตสูง,ยาลดความดันโลหิตสูง (Antihypertensive Agents),รับประทานในตอนเช้าเพื่อหลีกเลี่ยงภาวะ Nocturia (การตื่นปัสสาวะบ่อยในเวลากลางคืน),พึงเฝ้าระวังภาวะ Electrolyte Imbalance เช่น Hypokalemia และภาวะ Dehydration,อาจส่งผลให้เกิดภาวะ Hyperuricemia (กรดยูริกในเลือดสูง) และกระตุ้นโรค Gouty Arthritis
Simvastatin,ซิมวาสตาติน,ลดระดับคอเลสเตอรอลรวมและไขมันชนิดเลว (LDL) ในกระแสเลือด,ยาลดไขมันในเลือด (Antihyperlipidemic Agents),รับประทานวันละ 1 ครั้ง ในช่วงเวลาก่อนนอนเนื่องจากกระบวนการสังเคราะห์คอเลสเตอรอลเกิดขึ้นสูงสุดในเวลากลางคืน,หลีกเลี่ยงการบริโภค CYP3A4 Inhibitors เช่น น้ำเกรปฟรุต หรือส้มโอ เนื่องจากจะเพิ่มระดับยาในเลือด,มีความเสี่ยงต่อการเกิด Myalgia (ปวดกล้ามเนื้อ) และอาจพัฒนาไปสู่ภาวะ Rhabdomyolysis
Atorvastatin,อะทอร์วาสตาติน,ลดระดับไขมันคอเลสเตอรอลชนิดเลว (LDL) และลดความเสี่ยงโรคหลอดเลือดหัวใจ,ยาลดไขมันในเลือด (Antihyperlipidemic Agents),รับประทานวันละ 1 ครั้ง เวลาใดก็ได้ แต่ควรเป็นเวลาเดียวกันของทุกวัน,ผู้ป่วยควรได้รับการตรวจวิเคราะห์สภาวะการทำงานของตับ (Liver Function Test) เป็นระยะ,"อาจก่อให้เกิดอาการ Dyspepsia, Constipation และ Flatulence ในระบบทางเดินอาหาร"
Gemfibrozil,เจมไฟโบรซิล,ลดระดับไขมันไตรกลีเซอไรด์และเพิ่มระดับไขมันชนิดดี (HDL) ในเลือด,ยาลดไขมันในเลือด (Antihyperlipidemic Agents),รับประทานวันละ 2 ครั้ง ก่อนอาหารเช้าและเย็นเป็นเวลา 30 นาที,ห้ามใช้ร่วมกับยากลุ่ม Statins บางชนิดเนื่องจากเพิ่มความเสี่ยงต่อการเกิด Myopathy อย่างรุนแรง,อาจส่งผลให้เกิดภาวะ Cholelithiasis (นิ่วในถุงน้ำดี) และเกิดอาการระคายเคืองในช่องท้อง
Aspirin (81mg),แอสไพริน เม็ดเล็ก,ต้านการเกาะกลุ่มของเกล็ดเลือด เพื่อป้องกันภาวะอัมพฤกษ์ อัมพาต และโรคหลอดเลือดหัวใจอุดตัน,ยาต้านการแข็งตัวของเกล็ดเลือด (Antiplatelet Agents),รับประทานหลังอาหารทันทีและดื่มน้ำตามในปริมาณที่มากเพื่อลดปฏิกิริยากัดเซาะผิวหนัง,ห้ามใช้ในผู้ป่วยที่มี Active Peptic Ulcer หรือมีประวัติเลือดออกในทางเดินอาหาร (GI Bleeding),ส่งผลให้เกิดภาวะ Platelet Aggregation Inhibitor ทำให้เกล็ดเลือดไม่เกาะกลุ่มและเลือดแข็งตัวช้า
Clopidogrel,โคลพิโดเกรล,ป้องกันการก่อตัวของลิ่มเลือดในผู้ป่วยโรคหลอดเลือดสมองและหลอดเลือดหัวใจอุดตัน,ยาต้านการแข็งตัวของเกล็ดเลือด (Antiplatelet Agents),รับประทานวันละ 1 ครั้ง สามารถรับประทานพร้อมหรือนอกมื้ออาหารก็ได้,ควรระงับการใช้ยาอย่างน้อย 5-7 วันก่อนเข้ารับการผ่าตัดใหญ่หรือหัตถการทางทันตกรรม,อาจพบภาวะ Ecchymosis (รอยจ้ำเลือดใต้ผิวหนัง) และ Epistaxis (เลือดกำเดาไหล)
Warfarin,วาร์ฟาริน,ต้านการแข็งตัวของเลือด เพื่อป้องกันและรักษาภาวะลิ่มเลือดอุดตันในหลอดเลือดและหัวใจ,ยาต้านการแข็งตัวของเลือด (Anticoagulants),รับประทานวันละ 1 ครั้ง ในเวลาเดียวกันอย่างเคร่งครัดตามขนาดควบคุมโดยค่า INR,พึงควบคุมการบริโภคอาหารที่มีวิตามินเคสูง (ผักใบเขียว) ให้สม่เหมอเพื่อไม่ให้ส่งผลกระทบต่อ Anticoagulant effect,มีความเสี่ยงสูงต่อการเกิด Severe Internal Hemorrhage (เลือดออกในอวัยวะภายในอย่างรุนแรง)
Isosorbide Dinitrate,ไอโซซอร์ไบด์,ขยายหลอดเลือดหัวใจ เพื่อป้องกันและบรรเทาอาการเจ็บแน่นหน้าอก,ยารักษาโรคระบบหัวใจและหลอดเลือด (Cardiovascular Agents),รับประทานก่อนอาหาร 1 ชั่วโมง หรือหลังอาหาร 2 ชั่วโมง เพื่อประสิทธิภาพการดูดซึม,ห้ามใช้ร่วมกับยากลุ่ม Phosphodiesterase-5 Inhibitors (ยารักษาอาการหย่อนสมรรถภาพทางเพศ) เด็ดขาด,มักเกิดอาการ Vasodilatory Headache (ปวดศีรษะจากหลอดเลือดขยายตัว) ในระยะแรกของการรักษา
Digoxin,ดิจอกซิน,เพิ่มแรงบีบตัวของหัวใจและควบคุมอัตราการเต้นของหัวใจในภาวะหัวใจล้มเหลว,ยารักษาโรคระบบหัวใจและหลอดเลือด (Cardiovascular Agents),รับประทานวันละ 1 ครั้ง เวลาเดิมอย่างเคร่งครัดเนื่องจากมีค่า Narrow Therapeutic Index,"พึงสังเกตอาการ Digitalis Toxicity เช่น Anorexia, Nausea และภาวะ Xanthopsia (เห็นภาพเป็นสีเหลือง)",เสี่ยงต่อการเกิดภาวะ Cardiac Arrhythmia (หัวใจเต้นผิดจังหวะ) หากระดับยาในซีรั่มสูงเกินเกณฑ์
Furosemide,ฟูโรเซไมด์,ขับปัสสาวะเพื่อลดอาการบวมน้ำจากโรคหัวใจ โรคตับ และโรคไต,ยาขับปัสสาวะ (Diuretics),รับประทานหลังอาหารในมื้อเช้า เพื่อป้องกันรบกวนการนอนหลับจากสภาวะขับปัสสาวะ,ระวังการเกิดภาวะ Hypokalemia ซึ่งอาจนำไปสู่ภาวะกล้ามเนื้ออ่อนแรงและเหนี่ยวนำให้เกิดตะคริว,มีผลกระทบต่อระดับเกลือแร่ในร่างกาย และอาจเพิ่มระดับ Serum Uric Acid และ Blood Glucose
Paracetamol,พาราเซตามอล,บรรเทาอาการปวดขั้นเบาถึงปานกลาง และลดไข้,ยาบรรเทาอาการปวดและลดไข้ (Analgesics & Antipyretics),"รับประทานทุก 4-6 ชั่วโมงเมื่อมีอาการปวดหรือมีไข้ ขนาดสูงสุดไม่เกิน 4,000 มิลลิกรัมต่อวัน",ห้ามใช้ยาเกินขนาดที่แนะนำเนื่องจากจะเหนี่ยวนำให้เกิดภาวะ Hepatotoxicity (พิษต่อตับเฉียบพลัน),ปฏิกิริยาไม่พึงประสงค์พบได้น้อย แต่อาจเกิดภาวะ Hypersensitivity เช่น ผื่นผิวหนังแบบ Stevens-Johnson Syndrome
Alverine citrate + Simethicone,อัลเวอรีน ซิเตรต ผสม ไซเมทิโคน (ชนิดแคปซูล/เม็ด),บรรเทาอาการปวดเกร็งช่องท้อง ท้องอืด แน่นท้อง และมีแก๊สในทางเดินอาหารมาก ในผู้ป่วยโรคขับถ่ายผิดปกติหรือลำไส้แปรปรวน,ยาระบบทางเดินอาหาร,รับประทานครั้งละ 1 เม็ด วันละ 3 ครั้ง ก่อนอาหารมื้อหลักหรือเมื่อมีอาการปวดเกร็ง,ห้ามใช้ในผู้ป่วยที่มีภาวะลำไส้อุดตัน หรือทางเดินอาหารส่วนล่างไม่ทำงาน ระวังการใช้ในสตรีมีครรภ์และสตรีให้นมบุตร และห้ามใช้ในผู้ที่เคยมีประวัติแพ้ส่วนประกอบของยานี้,คลื่นไส้ วิงเวียนศีรษะ ปากแห้ง ผื่นคันตามผิวหนัง ความดันโลหิตลดลงชั่วคราว หรืออาจพบค่าการทำงานของตับเปลี่ยนแปลงเล็กน้อยซึ่งพบได้น้อยมาก
Ibuprofen,ไอบูโพรเฟน,บรรเทาอาการปวด ลดการอักเสบ และลดไข้ของข้อ กระดูก และกล้ามเนื้อ,ยาต้านการอักเสบชนิดไม่ใช่สเตียรอยด์ (NSAIDs),รับประทานหลังอาหารทันทีพร้อมน้ำสะอาดปริมาณมาก เพื่อลดอาการระคายเคืองเนื้อเยื่อ,ห้ามใช้ในผู้ป่วยที่มีประวัติ Gastrointestinal Perforation (ทางเดินอาหารทะลุ) หรือโรคไตระยะสุดท้าย,มีฤทธิ์ยับยั้ง Cyclooxygenase (COX) ส่งผลให้เกิดแผลในกระเพาะอาหารและลดอัตราการกรองของไต
Diclofenac,ไดโคลฟีแนค,บรรเทาอาการปวดอย่างรุนแรงและลดการอักเสบในโรคข้อและกระดูก,ยาต้านการอักเสบชนิดไม่ใช่สเตียรอยด์ (NSAIDs),รับประทานหลังอาหารทันที กลืนทั้งเม็ดห้ามบดเคี้ยวเนื่องจากเป็นยาเคลือบพิเศษ,ห้ามใช้ในผู้ป่วยที่เป็น Ischemic Heart Disease หรือผู้ที่มีภาวะ Cerebrovascular Disease,เพิ่มสภาวะเสี่ยงต่อการเกิด Thrombotic Events ในระบบหลอดเลือดหัวใจและแผลในทางเดินอาหาร
Meloxicam,เมล็อกซิแคม,บรรเทาอาการปวดอักเสบเรื้อรังจากโรคข้อเสื่อมและข้ออักเสบรูมาตอยด์,ยาต้านการอักเสบชนิดไม่ใช่สเตียรอยด์ (NSAIDs),รับประทานหลังอาหารทันที วันละ 1 ครั้ง ไม่ควรปรับขนาดเพิ่มเอง,หลีกเลี่ยงการใช้ร่วมกับยากลุ่ม NSAIDs ชนิดอื่น ๆ เพื่อป้องกันภาวะพิษซ้ำซ้อน (Toxicity Overlap),แม้จะมีคุณสมบัติเป็น COX-2 Selective แต่อาจส่งผลกระทบต่อระบบทางเดินอาหารและภาวะความดันโลหิต
Omeprazole,โอเมพราโซล,ยับยั้งการหลั่งกรดในกระเพาะอาหาร รักษาแผลในทางเดินอาหาร และบรรเทาอาการกรดไหลย้อน,ยาระบบทางเดินอาหาร (Gastrointestinal Agents),รับประทานก่อนอาหาร 30-60 นาที (ตอนท้องว่าง) เพื่อให้ยาออกฤทธิ์ยับยั้งกรดได้เต็มที่,ควรรับประทานยาอย่างต่อเนื่องตามระยะเวลาที่กำหนด (Treatment Course) แม้อาการจะทุเลาลงแล้ว,การใช้ติดต่อกันเป็นเวลานานอาจขัดขวางการดูดซึมของ Vitamin B12 และ Calcium
Domperidone,ดอมเพอริโดน,บรรเทาอาการคลื่นไส้ อาเจียน และอาการแน่นท้อง ท้องอืด ท้องเฟ้อ,ยาระบบทางเดินอาหาร (Gastrointestinal Agents),รับประทานก่อนอาหาร 15-30 นาที ขณะที่กระเพาะอาหารยังว่าง,ไม่ควรใช้ยาติดต่อกันเกินระยะเวลา 7 วันเนื่องจากเสี่ยงต่อผลกระทบด้าน Cardiac Safety,อาจส่งผลให้เกิดภาวะ QT Prolongation (คลื่นไฟฟ้าหัวใจผิดปกติ) โดยเฉพาะในกลุ่มประชากรสูงอายุ
Senna (มะขามแขก),ยามะขามแขก,กระตุ้นการบีบตัวของลำไส้ใหญ่เพื่อบรรเทาอาการท้องผูกเป็นครั้งคราว,ยาระบาย (Laxatives),รับประทานก่อนช่วงเวลานอนหลับ เพื่อให้กลไกการกระตุ้นลำไส้สอดคล้องกับรอบวัน,ไม่ควรใช้ติดต่อกันเป็นเวลานานเนื่องจากจะส่งผลให้เกิดภาวะ Laxative Dependence (ลำไส้ดื้อยา),มักก่อให้เกิดอาการ Abdominal Cramp (ปวดเกร็งช่องท้อง) จากการบีบตัวของกล้ามเนื้อเรียบในลำไส้
ORS (เกลือแร่),ผงเกลือแร่โออาร์เอส,ชดเชยน้ำและเกลือแร่ที่สูญเสียไปเนื่องจากอาการท้องเสียหรืออาเจียน,ยาและสารละลายสำหรับทางเดินอาหาร (Gastrointestinal Replenishers),ละลายผงยารสตามสัดส่วนในน้ำต้มสุกที่ผ่อนเย็นแล้ว จิบทีละน้อยตามปริมาณการสูญเสียเสียเหลว,ห้ามใช้ผงเกลือแร่ประเภทสำหรับผู้สูญเสียเหงื่อจากการออกกำลังกาย (BRS) มาทดแทนในผู้ป่วยอุจจาระร่วง,สารละลายที่แต่งขึนหากเกินกำหนด 24 ชั่วโมงหลังการผสม ให้ทำการทิ้งสารส่วนที่เหลือทันที
Chlorpheniramine (4 mg),คลอร์เฟนิรามีน,บรรเทาอาการของโรคหวัด เช่น เจ็บคอ ปวดเมื่อยกล้ามเนื้อ และลดไข้,ยาระบบทางเดินหายใจ (ยาสมุนไพร),รับประทานครั้งละ 1 เม็ด วันละ 3-4 ครั้งเมื่อมีอาการ (ผู้ใหญ่),ยานี้อาจทำให้เกิดอาการง่วงซึม จึงไม่ควรขับขี่ยานพาหนะ หรือทำงานเกี่ยวกับเครื่องจักรกล และหลีกเลี่ยงการดื่มเครื่องดื่มที่มีแอลกอฮอล์ผสมอยู่ขณะรับประทานยานี้,อาการข้างเคียงที่พบบ่อยคือ ง่วงซึม ปากแห้ง คอแห้ง ตาพร่ามัว ปัสสาวะขัด ในเด็กเล็กอาจพบอาการกระสับกระส่ายหรือนอนไม่หลับแทนอาการง่วงนอน
Simethicone (80 mg),ไซเมทิโคน,บรรเทาอาการท้องอืด ท้องเฟ้อ จุกเสียด แน่นท้อง,ยาระบบทางเดินอาหาร (ขับลม),เคี้ยวให้ละเอียดก่อนกลืน ครั้งละ 1-2 เม็ด วันละ 3-4 ครั้ง หลังอาหารและก่อนนอน,หากอาการท้องอืด ท้องเฟ้อ ไม่ดีขึ้นภายใน 2 สัปดาห์ หรือมีอาการรุนแรงขึ้น ควรพบแพทย์เพื่อตรวจหาสาเหตุที่แท้จริง ไม่ควรใช้ยาติดต่อกันเป็นเวลานานโดยไม่จำเป็น,ยานี้ค่อนข้างปลอดภัยสูงเนื่องจากไม่ดูดซึมเข้าสู่กระแสเลือด แต่อาจพบอาการข้างเคียงส่วนบุคคล เช่น ท้องผูก ท้องเสียเล็กน้อย หรือเกิดผื่นแพ้ในผู้ที่แพ้ส่วนประกอบของยา
Loratadine (10 mg),ลอราทาดีน,บรรเทาอาการแพ้จากภูมิแพ้ เช่น จาม น้ำมูกไหล คันตา คันผิวหนัง,ยาแก้แพ้ (ชนิดไม่ง่วงซึม),รับประทานวันละ 1 ครั้ง ครั้งละ 1 เม็ด (ตอนไหนก็ได้),ห้ามใช้ในผู้ที่แพ้ยานี้หรือส่วนประกอบของยานี้ ผู้ป่วยที่มีรอยโรคที่ตับรุนแรงหรือไตทำงานบกพร่อง ควรปรึกษาแพทย์หรือเภสัชกรก่อนใช้ยาเพื่อปรับขนาดยาให้เหมาะสม,แม้ว่ายานี้จะมีอุบัติการณ์การเกิดอาการง่วงซึมน้อยกว่ายาแก้แพ้รุ่นเก่า แต่อาจพบอาการปวดศีรษะ ปากแห้ง อ่อนเพลีย หรือกระสับกระส่ายได้ในผู้ป่วยบางราย
Antacids (Aluminum & Magnesium Hydroxide),ยาลดกรด (ชนิดเม็ดเคี้ยว/น้ำยา),บรรเทาอาการจุกเสียด แน่นท้อง ปวดท้องเนื่องจากกรดเกินในกระเพาะอาหาร,ยาระบบทางเดินอาหาร (ลดกรด),รับประทานก่อนอาหาร 1 ชั่วโมง หรือหลังอาหาร 1-2 ชั่วโมง และก่อนนอน (ชนิดเม็ดต้องเคี้ยวให้ละเอียดก่อนกลืน),ห้ามใช้ในผู้ที่เป็นโรคไตขั้นรุนแรง การกินยานี้ร่วมกับยาอื่นอาจรบกวนการดูดซึมของยาเหล่านั้น ควรทานห่างจากยาอื่นอย่างน้อย 2 ชั่วโมง ไม่ควรทานติดต่อกันนานเกิน 2 สัปดาห์ยกเว้นแพทย์สั่ง,อาจทำให้เกิดอาการท้องผูก (จากอลูมิเนียม) หรือท้องเสีย (จากแมกนีเซียม) ในผู้ป่วยบางรายอาจมีอาการแน่นท้อง ท้องอืด หรือคลื่นไส้ได้
Emblica Cough Syrup,ยาแก้ไอมะขามป้อม,บรรเทาอาการไอ ขับเสมหะ ช่วยให้ชุ่มคอ,ยาระบบทางเดินหายใจ (ยาสมุนไพร),จิบเมื่อมีอาการไอ ทุก 3-4 ชั่วโมง หรือวันละ 3-4 ครั้ง (เขย่าขวดก่อนใช้),ระวังการใช้ในผู้ป่วยเบาหวานเนื่องจากบางสูตรตำรับมีส่วนผสมของน้ำตาลหรือน้ำผึ้งสูง หากอาการไอไม่ดีขึ้นภายใน 1 สัปดาห์ หรือมีไข้ร่วมด้วย ควรพบแพทย์เพื่อตรวจวินิจฉัย,อาจทำให้เกิดอาการถ่ายเหลวหรือท้องเสียเล็กน้อยในผู้ป่วยบางรายเนื่องจากมะขามป้อมมีฤทธิ์เป็นยาระบายอ่อนๆ แต่อาการจะหายไปเองเมื่อหยุดยา
Amoxicillin (500 mg),อะม็อกซีซิลลิน,รักษาโรคติดเชื้อแบคทีเรีย เช่น ทางเดินหายใจ หู คอ จมูก และผิวหนัง,ยาต้านแบคทีเรีย (ยาปฏิชีวนะ),รับประทานครั้งละ 1 เม็ด วันละ 3-4 ครั้ง (หรือตามแพทย์สั่ง) ต้องรับประทานยาติดต่อกันจนครบกำหนดแม้จะอาการดีขึ้นแล้ว,ห้ามใช้ในผู้ที่เคยมีประวัติแพ้ยาในกลุ่มเพนิซิลลิน (Penicillins) การใช้ยาไม่ครบขนาดหรือใช้โดยไม่มีข้อบ่งชี้ที่ถูกต้อง อาจก่อให้เกิดเชื้อดื้อยาได้,คลื่นไส้ อาเจียน ท้องเสีย ถ่ายเหลว แสบท้อง อาจเกิดผื่นคันตามผิวหนัง หากมีอาการแพ้รุนแรง เช่น หายใจติดขัด หน้าบวม ตาบวม ให้หยุดยาทันทีและรีบไปพบแพทย์
Cetirizine,เซทิริซีน,บรรเทาอาการภูมิแพ้ เช่น น้ำมูกไหล จาม คันตา และรักษาลมพิษเรื้อรัง,ยาแก้แพ้ (ชนิดง่วงนอนน้อย),รับประทานวันละ 1 ครั้ง ครั้งละ 1 เม็ด (ตอนเย็นหรือก่อนนอน),แม้เป็นยาที่ง่วงน้อย แต่ในผู้ป่วยบางรายอาจเกิดอาการง่วงซึมได้ จึงควรระวังในการขับขี่ยานพาหนะ หรือทำงานเกี่ยวกับเครื่องจักรกล และห้ามใช้ในผู้ป่วยโรคไตขั้นรุนแรง,อาจพบอาการง่วงนอน อ่อนเพลีย ปากแห้ง คอแห้ง ปวดศีรษะ หรือวิงเวียนศีรษะได้บ้างเล็กน้อย ในเด็กอาจมีอาการกระสับกระส่าย
Dextromethorphan (15 mg),เดกซ์โทรเมทอร์แฟน,บรรเทาอาการไอแห้งๆ ไอไม่มีเสมหะ ไอระคายคอ,ยาระบบทางเดินหายใจ,รับประทานครั้งละ 1 เม็ด ทุก 6-8 ชั่วโมง เมื่อมีอาการไอ,ห้ามใช้ในผู้ป่วยที่มีอาการไอแบบมีเสมหะเหนียวข้น ห้ามใช้ร่วมกับยาในกลุ่ม MAOIs และระวังการใช้ติดต่อกันเป็นเวลานานเนื่องจากอาจเกิดการติดยาหรือนำไปใช้ในทางที่ผิด,ง่วงนอน วิงเวียนศีรษะ คลื่นไส้ อาเจียน ท้องผูก หากใช้เกินขนาดอาจทำให้เกิดอาการกดระบบประสาทส่วนกลาง สับสน หรือเห็นภาพหลอนได้
Buscopan (Hyoscine-N-butylbromide),ไฮออสซีน (บัสโคพาน),บรรเทาอาการปวดเกร็งช่องท้อง ปวดบิด ปวดประจำเดือน หรือปวดกระเพาะอาหาร,ยาระบบทางเดินอาหาร (ยาแก้ปวดเกร็งช่องท้อง),รับประทานครั้งละ 1-2 เม็ด วันละ 3-4 ครั้ง (ก่อนอาหารหรือเมื่อมีอาการ),ห้ามใช้ในผู้ป่วยโรคต้อหินชนิดมุมปิด ผู้ที่มีภาวะต่อมลูกหมากโตปัสสาวะขัด หรือลำไส้ใหญ่อุดตัน และควรระวังการใช้ในผู้สูงอายุ,ปากแห้ง คอแห้ง ตาพร่ามัว หัวใจเต้นเร็ว ผิวหนังแห้ง แดง ร้อน และอาจทำให้เกิดภาวะปัสสาวะคั่งหรือท้องผูกไ
Activated Charcoal,ถ่านกัมมันต์ (ยาผงถ่าน),รักษาอาการท้องเสีย ดูดซับสารพิษ หรือบรรเทาอาการท้องอืด ท้องเฟ้อ,ยาระบบทางเดินอาหาร (ยาดูดซับสารพิษ/แก๊ส),รับประทานครั้งละ 3-4 เม็ด วันละ 3-4 ครั้ง ต้องทานห่างจากยากินชนิดอื่นอย่างน้อย 2 ชั่วโมง,ห้ามใช้ในผู้ป่วยที่มีภาวะลำไส้อุดตัน หรือมีการทะลุของทางเดินอาหาร และยานี้ใช้ดูดซับสารพิษทั่วไป ไม่สามารถดูดซับสารพิษประเภทกรดแก่ ด่างแก่ หรือแอลกอฮอล์ได้,ทำให้อุจจาระมีสีดำสนิท (ซึ่งเป็นอาการปกติจากตัวยา) อาจพบอาการท้องผูก คลื่นไส้ หรืออาเจียนได้ในผู้ป่วยบางราย
Mebendazole,มีเบนดาโซล,รักษาและถ่ายพยาธิตัวกลม เช่น พยาธิเส้นด้าย พยาธิปากขอ พยาธิไส้เดือน,ยาขับพยาธิ,เคี้ยวและกลืนเพียง 1 เม็ดครั้งเดียว (สำหรับพยาธิส่วนใหญ่),ห้ามใช้ในหญิงตั้งครรภ์โดยเฉพาะในช่วง 3 เดือนแรกเนื่องจากอาจทำให้ทารกในครรภ์พิการได้ และควรระวังการใช้ในเด็กอายุต่ำกว่า 2 ปี,อาจมีอาการปวดท้องชั่วคราว ท้องเสีย คลื่นไส้ อาเจียน หากใช้ในขนาดสูงติดต่อกันเป็นเวลานานอาจส่งผลกระทบต่อการทำงานของตับและเม็ดเลือดขาว
Pseudoephedrine,พสิวด์โออีเฟดรีน,บรรเทาอาการคัดจมูกเนื่องจากหวัด ไข้หวัดใหญ่ หรือภูมิแพ้,ยาระบบทางเดินหายใจ (ยาลดน้ำมูก/คัดจมูก),รับประทานครั้งละ 1 เม็ด ทุก 4-6 ชั่วโมง เมื่อมีอาการ (ต้องจ่ายโดยแพทย์/เภสัชกรในสถานพยาบาลเท่านั้น),ห้ามใช้ในผู้ป่วยโรคความดันโลหิตสูงรุนแรง โรคหลอดเลือดหัวใจตีบ ผู้ที่มีภาวะต่อมไทรอยด์เป็นพิษ หรือผู้ที่กำลังใช้ยาในกลุ่ม MAOIs,ใจสั่น หัวใจเต้นเร็ว นอนไม่หลับ กระสับกระส่าย วิตกกังวล ปากแห้ง คอแห้ง และปัสสาวะขัด (โดยเฉพาะในผู้สูงอายุที่มีภาวะต่อมลูกหมากโต)
Allopurinol,อัลโลพูรินอล,ป้องกันและรักษาภาวะกรดยูริกในเลือดสูง ป้องกันการเกิดโรคเกาต์เฉียบพลัน,ยาระบบข้อและกระดูก (ยาลดกรดยูริก),รับประทานครั้งละ 1 เม็ด วันละ 1-2 ครั้ง หลังอาหารทันทีและดื่มน้ำตามมากๆ,ยานี้อาจทำให้เกิดการแพ้ยาที่รุนแรงถึงแก่ชีวิตได้ หากมีอาการผื่นคัน ผิวหนังลอก ตาแดง หรือมีไข้ ให้หยุดยาทันทีและรีบพบแพทย์,คลื่นไส้ อาเจียน ท้องเสีย ระคายเคืองกระเพาะอาหาร ในช่วงแรกของการทานยาอาจกระตุ้นให้เกิดโรคเกาต์กำเริบเฉียบพลันได้ชั่วคราว
Flunarizine,ฟลูนาริซีน,ป้องกันอาการปวดศีรษะไมเกรน และบรรเทาอาการเวียนศีรษะบ้านหมุน,ยาระบบประสาท (ยาป้องกันไมเกรน),รับประทานวันละ 1 ครั้ง ครั้งละ 1 เม็ด ก่อนนอน (ไม่ใช่ยาสำหรับแก้ปวดเฉียบพลัน),ห้ามใช้ในผู้ป่วยที่เป็นโรคซึมเศร้า หรือมีประวัติทางจิตเวช และห้ามใช้ในผู้ป่วยที่เป็นโรคพาร์กินสัน หรือมีอาการสั่น,ง่วงซึม อ่อนเพลีย น้ำหนักตัวเพิ่มขึ้นเนื่องจากเจริญอาหารมากขึ้น หากใช้ติดต่อกันเป็นเวลานานอาจทำให้เกิดอาการซึมเศร้าหรืออาการเคลื่อนไหวผิดปกติได้
Dicloxacillin,ไดคลอกซาซิลลิน,รักษาโรคติดเชื้อแบคทีเรียที่ผิวหนังและเนื้อเยื่ออ่อน เช่น ฝี หนอง แผลติดเชื้อ,ยาต้านแบคทีเรีย (ยาปฏิชีวนะ),รับประทานครั้งละ 1 เม็ด วันละ 4 ครั้ง ก่อนอาหาร 1 ชั่วโมง หรือตอนท้องว่าง และต้องทานจนครบชุด,ห้ามใช้ในผู้ที่เคยมีประวัติแพ้ยาในกลุ่มเพนิซิลลิน และควรระวังในผู้ป่วยที่มีภาวะตับบกพร่อง การทานยาไม่ครบกำหนดอาจทำให้เชื้อดื้อยาได้,คลื่นไส้ อาเจียน จุกเสียดแน่นท้อง ท้องเสีย แสบยอดอก หากเกิดผื่นคัน ลมพิษ หน้าบวม หรือหายใจลำบาก ให้หยุดยาทันทีเพราะอาจเป็นสัญญาณของการแพ้ยารุนแรง
Dimenhydrinate,ไดเมนไฮดริเนต (ยาแก้เมารถ),ป้องกันและบรรเทาอาการเมารถ เมาเรือ เมาเครื่องบิน และอาการเวียนศีรษะ คลื่นไส้,ยาระบบประสาท / ยาแก้แพ้,รับประทานครั้งละ 1 เม็ด ก่อนออกเดินทางอย่างน้อย 30 นาที สามารถทานซ้ำได้ทุก 4-6 ชั่วโมงเมื่อมีอาการ,ยานี้ทำให้เกิดอาการง่วงซึมรุนแรง จึงไม่ควรขับขี่ยานพาหนะ หรือทำงานเกี่ยวกับเครื่องจักรกล และหลีกเลี่ยงการใช้ร่วมกับยากดประสาทอื่นๆ หรือแอลกอฮอล์,ง่วงนอนมาก ปากแห้ง คอแห้ง ตาพร่ามัว ปัสสาวะขัด วิงเวียนศีรษะ ในผู้สูงอายุอาจทำให้เกิดอาการสับสนชั่วคราวได้
Norfloxacin,นอร์ฟลอกซาซิน,รักษาอาการท้องเสียจากการติดเชื้อแบคทีเรีย (บิดมีตัว) และการติดเชื้อในระบบทางเดินปัสสาวะ,ยาต้านแบคทีเรีย (ยาปฏิชีวนะระบบทางเดินอาหาร/ปัสสาวะ),รับประทานครั้งละ 1 เม็ด วันละ 2 ครั้ง (เช้า-เย็น) ก่อนอาหาร 1 ชั่วโมงหรือหลังอาหาร 2 ชั่วโมง ทานติดต่อกันจนครบกำหนด,ยานี้อาจเพิ่มความเสี่ยงต่อการเกิดเอ็นอักเสบและเอ็นฉีกขาด (โดยเฉพาะเอ็นร้อยหวาย) ห้ามใช้ในเด็กอายุต่ำกว่า 18 ปี และหญิงตั้งครรภ์หรือให้นมบุตร,คลื่นไส้ อาเจียน เบื่ออาหาร มวนท้อง ปวดศีรษะ วิงเวียน ผิวหนังไวต่อแสงแดด (เกิดผื่นง่ายขึ้นเมื่อโดนแดด)
Tramadol,ทรามาดอล,บรรเทาอาการปวดชนิดรุนแรงปานกลางถึงรุนแรงมาก ที่ใช้ยาแก้ปวดทั่วไปแล้วไม่ได้ผล,ยาแก้ปวดกลุ่มโอปิออยด์ (ยาอันตรายควบคุมพิเศษ),รับประทานครั้งละ 1 เม็ด ทุก 4-6 ชั่วโมง เมื่อมีอาการปวดรุนแรง (ต้องใช้ภายใต้คำสั่งแพทย์เท่านั้น),ยานี้อาจทำให้เกิดการเสพติดและกดระบบทางเดินหายใจจนถึงแก่ชีวิตได้หากใช้เกินขนาด ห้ามใช้ร่วมกับแอลกอฮอล์ และห้ามใช้ในเด็กอายุต่ำกว่า 12 ปี,วิงเวียนศีรษะ ง่วงซึม คลื่นไส้ อาเจียน ท้องผูก ปากแห้ง หากใช้ยาติดต่อกันเป็นเวลานานแล้วหยุดยาทันทีอาจเกิดอาการถอนยาได้
Gripe Water,ยาน้ำขับลม,บรรเทาอาการท้องอืด ท้องเฟ้อ แน่นท้อง และช่วยขับลมในกระเพาะอาหาร,ยาระบบทางเดินอาหาร,ทานครั้งละ 1/2 ถึง 2 ช้อนชา (ตามอายุที่ระบุบนฉลาก) วันละ 3-4 ครั้ง หลังอาหารหรือเมื่อมีอาการ,ควรเลือกสูตรที่ไม่มีแอลกอฮอล์และไม่มีน้ำตาลสำหรับเด็กทารก ระวังการใช้ในผู้ป่วยที่ต้องควบคุมปริมาณโซเดียม (เนื่องจากบางสูตรมีส่วนผสมของโซเดียมไบคาร์บอเนต),ค่อนข้างปลอดภัยสูง แต่อาจพบอาการข้างเคียงส่วนบุคคล เช่น ท้องอืดเพิ่มขึ้นเล็กน้อยจากการขับลม หรือแพ้ส่วนประกอบสมุนไพรในตำรับ (พบได้น้อยมาก)
Andrographis paniculata,ฟ้าทะลายโจร (ชนิดแคปซูล/เม็ด),บรรเทาอาการเจ็บคอ บรรเทาอาการหวัด เช่น มีน้ำมูก ครั่นเนื้อครั่นตัว,ยาสมุนไพรในบัญชียาหลักแห่งชาติ,รับประทานครั้งละ 2-4 แคปซูล (ตามขนาดมิลลิกรัมของสารแอนโดรกราโฟไลด์) วันละ 3-4 ครั้ง หลังอาหารและก่อนนอน,ห้ามใช้ในหญิงตั้งครรภ์และหญิงให้นมบุตรเนื่องจากอาจทำให้ทารกวิกาลได้ ห้ามใช้ในผู้ที่มีอาการเจ็บคอเนื่องจากติดเชื้อแบคทีเรีย Streptococcus กลุ่ม A และหากใช้ติดต่อกัน 3 วันแล้วอาการไม่ดีขึ้นหรือรุนแรงขึ้นควรหยุดใช้และพบแพทย์,อาจทำให้เกิดอาการผิดปกติของระบบทางเดินอาหาร เช่น แน่นท้อง ท้องอืด คลื่นไส้ อาเจียน ท้องเสีย หากเกิดผื่นคัน ลมพิษ หน้าบวม ริมฝีปากบวม หายใจลำบาก ให้หยุดยาทันทีเพราะอาจเป็นอาการแพ้ยารุนแรง
Mefenamic Acid,เมเฟนามิก แอซิด,บรรเทาอาการปวดเล็กน้อยถึงปานกลาง โดยเฉพาะปวดประจำเดือน ปวดฟัน และปวดกล้ามเนื้อ,ยาต้านการอักเสบที่ไม่ใช่สเตียรอยด์,รับประทานครั้งละ 1 เม็ด วันละ 3 ครั้ง ต้องรับประทานหลังอาหารทันทีและดื่มน้ำตามมากๆ,ห้ามใช้ในผู้ที่เป็นโรคแผลในกระเพาะอาหารหรือลำไส้ ห้ามใช้ในผู้ป่วยโรคไตระยะรุนแรง โรคตับรุนแรง หรือผู้ที่เคยแพ้ยาแอสไพริน และไม่ควรใช้ยานี้ติดต่อกันนานเกิน 7 วัน,ระคายเคืองระบบทางเดินอาหาร ปวดท้อง คลื่นไส้ อาเจียน ท้องเสีย แสบยอดอก หากใช้ติดต่อกันเป็นเวลานานอาจส่งผลกระทบต่อการทำงานของไต และเพิ่มความเสี่ยงต่อโรคหลอดเลือดสมองและหัวใจ
Loperamide,โลเพอราไมด์,บรรเทาอาการท้องเสียเฉียบพลันชนิดไม่มีภาวะแทรกซ้อน (ช่วยลดการบีบตัวของลำไส้),ยาระบบทางเดินอาหาร (ยาควบคุมการขับถ่าย),รับประทานครั้งแรก 2 เม็ด จากนั้นทานครั้งละ 1 เม็ดทุกครั้งที่ถ่ายเหลว (ห้ามทานเกินวันละ 8 เม็ด และหยุดทานทันทีเมื่ออุจจาระเป็นก้อน),ห้ามใช้ในผู้ป่วยท้องเสียที่มีอาการติดเชื้อรุนแรง เช่น ถ่ายเป็นมูกเลือด หรือมีไข้สูง และห้ามใช้ในผู้ป่วยลำไส้อักเสบจากการติดเชื้อแบคทีเรีย รวมถึงห้ามใช้ในเด็กอายุต่ำกว่า 12 ปี,ท้องผูก (หากใช้ยาเกินขนาด) ปวดมวนท้อง ท้องอืด แน่นท้อง วิงเวียนศีรษะ ปากแห้ง ง่วงซึม ในรายที่ทานเกินขนาดรุนแรงอาจส่งผลต่อการเต้นของหัวใจผิดจังหวะได้
Acetylcysteine,อะเซทิลซิสเทอีน (ยาละลายเสมหะชนิดเม็ดฟู่),ช่วยละลายเสมหะข้นเหนียวในโรคทางเดินหายใจ และบรรเทาอาการไอมีเสมหะ,ยาระบบทางเดินหายใจ (ยาละลายเสมหะ),ละลายยา 1 เม็ดฟู่ลงในน้ำสะอาดครึ่งแก้ว รอจนละลายหมดแล้วดื่ม วันละ 1 ครั้ง (มักเป็นช่วงเย็นหรือหลังอาหาร),ระวังการใช้ในผู้ป่วยโรคหอบหืด เนื่องจากยาอาจกระตุ้นให้เกิดหลอดลมหดตัวได้ และระวังในผู้ป่วยที่มีประวัติเป็นแผลในกระเพาะอาหารเนื่องจากยาอาจระคายเคืองเยื่อบุทางเดินอาหาร,คลื่นไส้ อาเจียน แสบยอดอก ท้องเสีย รสชาติในปากผิดปกติชั่วคราว หรืออาจเกิดผื่นคัน ลมพิษ หลอดลมหดตัว (พบได้น้อย)
Digestive Enzymes,เอ็นไซม์ช่วยย่อย (ชนิดเม็ด),บรรเทาอาการท้องอืด ท้องเฟ้อ อาหารไม่ย่อยเนื่องจากขาดน้ำย่อย หรือตับอ่อนทำงานบกพร่อง,ยาระบบทางเดินอาหาร (ยาช่วยย่อยอาหาร),รับประทานครั้งละ 1-2 เม็ด พร้อมอาหารหรือหลังอาหารทันที (ห้ามเคี้ยวเม็ดยาที่เป็นสูตรเคลือบพิเศษ),ห้ามใช้ในผู้ที่แพ้ส่วนประกอบของยานี้ หรือผู้ที่เป็นโรคตับอ่อนอักเสบเฉียบพลัน หากอาการอาหารไม่ย่อยยังคงอยู่เป็นเวลานานหรือมีอาการรุนแรงขึ้น ควรพบแพทย์เพื่อตรวจหาสาเหตุที่แท้จริง,ค่อนข้างปลอดภัยสูง แต่อาจพบอาการข้างเคียงส่วนบุคคลได้เล็กน้อย เช่น คลื่นไส้ ท้องเสีย ปวดท้องชั่วคราว หรือระคายเคืองรอบทวารหนักหากใช้ยาในขนาดสูงมากเกินไป
Colchicine,โคลชิซีน,บรรเทาและป้องกันการโจมตีของโรคเกาต์เฉียบพลัน,ยาระบบข้อและกระดูก (ยาบรรเทาโรคเกาต์เฉียบพลัน),รับประทานครั้งละ 1 เม็ด เมื่อมีอาการปวดข้อ (หรือตามแพทย์สั่งอย่างเคร่งครัด ห้ามทานเพิ่มเอง),ยานี้มีพิษรุนแรงหากใช้เกินขนาด ห้ามใช้ในผู้ป่วยที่มีภาวะตับหรือไตบกพร่องขั้นรุนแรง และห้ามใช้ร่วมกับยาบางชนิด เช่น Clarithromycin เนื่องจากอาจเพิ่มระดับยาจนเป็นอันตรายถึงชีวิต,อาการข้างเคียงที่พบบ่อยและเป็นสัญญาณเตือนให้หยุดยาคือ ท้องเสีย คลื่นไส้ อาเจียน ปวดท้อง หากใช้ติดต่อกันเป็นเวลานานอาจส่งผลต่อระบบสร้างเม็ดเลือดขาวและทำให้ผมร่วงได้
Ciprofloxacin,ซิโปรฟลอกซาซิน,รักษาโรคติดเชื้อแบคทีเรียในระบบทางเดินปัสสาวะ ทางเดินอาหาร และทางเดินหายใจ,ยาต้านแบคทีเรีย (ยาปฏิชีวนะกลุ่มควิโนโลน),รับประทานครั้งละ 1 เม็ด วันละ 2 ครั้ง (ทุก 12 ชั่วโมง) ต้องรับประทานยาจนครบกำหนด แม้จะอาการดีขึ้นแล้ว,ยานี้อาจเพิ่มความเสี่ยงต่อการเกิดเอ็นอักเสบและเอ็นฉีกขาด ห้ามใช้ในเด็กอายุต่ำกว่า 18 ปี หญิงตั้งครรภ์ และหลีกเลี่ยงการทานร่วมกับยาลดกรดหรือนมเพราะจะลดการดูดซึมยา,คลื่นไส้ ท้องเสีย เวียนศีรษะ ปวดศีรษะ นอนไม่หลับ ผิวหนังไวต่อแสงแดด (เกิดผื่นง่ายขึ้น) และอาจทำให้เกิดการติดเชื้อราในช่องคลอดหรือทางเดินอาหารได้หากใช้เวลานาน
Meclizine,เมคลีซีน,ป้องกันและบรรเทาอาการเวียนศีรษะ บ้านหมุน เมารถ เมาเรือ,ยาระบบประสาท (ยาแก้เวียนศีรษะ/เมารถ),รับประทานครั้งละ 1 เม็ด วันละ 1-2 ครั้ง หรือทานก่อนเดินทางอย่างน้อย 1 ชั่วโมง,ยานี้อาจทำให้เกิดอาการง่วงซึม จึงไม่ควรขับขี่ยานพาหนะ หรือทำงานเกี่ยวกับเครื่องจักรกล และระวังการใช้ในผู้ป่วยโรคต้อหิน หรือต่อมลูกหมากโตปัสสาวะขัด,ง่วงนอน ปากแห้ง คอแห้ง ตาพร่ามัว อ่อนเพลีย ปวดศีรษะ หรืออาจมีอาการเหนื่อยล้าชั่วคราวหลังจากยาหมดฤทธิ์
Sitagliptin,ซิต้ากลิปตินะ,ควบคุมระดับน้ำตาลในเลือดสำหรับผู้ป่วยเบาหวานชนิดที่ 2 ร่วมกับการควบคุมอาหารและการออกกำลังกาย,ยารักษาโรคเบาหวาน (Antidiabetic Agents / DPP-4 Inhibitors),รับประทานวันละ 1 ครั้ง ครั้งละ 100 มิลลิกรัม สามารถรับประทานพร้อมอาหารหรือไม่ก็ได้,ห้ามใช้ในผู้ป่วยเบาหวานชนิดที่ 1 หรือภาวะเลือดเป็นกรดจากคีโตน (DKA) ระวังการใช้ในผู้ป่วยที่มีประวัติตับอ่อนอักเสบเฉียบพลัน และต้องปรับขนาดยาในผู้ป่วยที่มีการทำงานของไตบกพร่องปานกลางถึงรุนแรง,"อาจทำให้เกิดอาการติดเชื้อในระบบทางเดินหายใจส่วนบน, คัดจมูก น้ำมูกไหล, ปวดศีรษะ, ท้องผูก, และมีรายงานการเกิดตับอ่อนอักเสบเฉียบพลัน (Pancreatitis) ซึ่งเป็นอันตรายร้ายแรง"
Telmisartan,เทลมิซาร์แทน,ลดความดันโลหิตสูง และช่วยลดความเสี่ยงของโรคหลอดโรคหัวใจและหลอดสมองในผู้ป่วยกลุ่มเสี่ยง,ยาลดความดันโลหิตสูง (Antihypertensive Agents / ARBs),รับประทานวันละ 1 ครั้ง ครั้งละ 40-80 มิลลิกรัม ก่อนหรือหลังอาหาร (ควรทานเวลาเดียวกันทุกวัน),ห้ามใช้ในหญิงตั้งครรภ์ (โดยเฉพาะไตรมาสที่ 2 และ 3) เนื่องจากทำให้ทารกในครรภ์พิการหรือเสียชีวิตได้ ห้ามใช้ร่วมกับยา Aliskiren ในผู้ป่วยเบาหวาน และระวังภาวะโพแทสเซียมในเลือดสูง (Hyperkalemia),"เวียนศีรษะ, หน้ามืดจากการเปลี่ยนท่าทาง (Orthostatic Hypotension), ปวดหลัง, ติดเชื้อในระบบทางเดินหายใจส่วนบน, และอาจทำให้ค่าการทำงานของไตเปลี่ยนแปลง"
Rosuvastatin ,โรซูวาสแตตินะ,"ลดระดับคอเลสเตอรอลชนิดไม่ดี (LDL), คอเลสเตอรอลรวม (Total Cholesterol) และไตรกลีเซอไรด์ พร้อมทั้งเพิ่ม HDL",ยาลดไขมันในเลือด (Antihyperlipidemic Agents / Statins),รับประทานวันละ 1 ครั้ง ครั้งละ 5-20 มิลลิกรัม สามารถรับประทานเวลาใดก็ได้ (พร้อมอาหารหรือไม่ก็ได้) แต่ควรเป็นเวลาเดียวกันของทุกวัน,ห้ามใช้ในผู้ป่วยโรคตับระยะลุกลาม ห้ามใช้ในหญิงตั้งครรภ์และให้นมบุตร ระวังการเกิดพิษต่อกล้ามเนื้อหากใช้ร่วมกับยา Gemfibrozil หรือ Cyclosporine,"ปวดกล้ามเนื้อ (Myalgia), กล้ามเนื้ออักเสบ, ปวดศีรษะ, ท้องผูก, คลื่นไส้, และอาจส่งผลให้ค่าเอนไซม์ตับ (ALT/AST) สูงขึ้น เสี่ยงต่อภาวะกล้ามเนื้อสลาย (Rhabdomyolysis)"
Rivaroxaban,ริวาโรซาแบน,ป้องกันและรักษาภาวะลิ่มเลือดอุดตันในหลอดเลือดดำลึก (DVT) ลิ่มเลือดอุดตันในปอด (PE) และป้องกันโรคหลอดเลือดสมองในผู้ป่วยหัวใจเต้นผิดจังหวะชนิด AF,ยาต้านการแข็งตัวของเลือด (Anticoagulants / Direct Oral Anticoagulants),รับประทานวันละ 1 หรือ 2 ครั้ง (ขึ้นกับข้อบ่งใช้) สำหรับขนาด 15 มิลลิกรัม และ 20 มิลลิกรัม **ต้องรับประทานพร้อมอาหาร** เพื่อเพิ่มการดูดซึมยา,ห้ามใช้ในผู้ป่วยที่มีภาวะเลือดออกรุนแรงทางคลินิก โรคตับที่มีการแข็งตัวของเลือดผิดปกติ ระวังการเกิดอันตรายจากการเลือดออกในอวัยวะสำคัญ และห้ามหยุดยากะทันหันโดยแพทย์ไม่ได้สั่งเพราะเพิ่มความเสี่ยงลิ่มเลือดอุดตัน,"เลือดออกง่ายผิดปกติ (Bleeding) เช่น เลือดกำเดาไหล, เลือดออกตามไรฟัน, ปัสสาวะเป็นเลือด, อุจจาระสีดำ, มีรอยช้ำจ้ำเลือดตามผิวหนัง, และวิงเวียนศีรษะจากภาวะซีด"
Carvedilol,คาร์เวดิลอล,"รักษาความดันโลหิตสูง, ภาวะหัวใจล้มเหลวเรื้อรัง (Heart Failure) และลดอัตราการเสียชีวิตหลังกล้ามเนื้อหัวใจตาย",ยารักษาโรคระบบหัวใจและหลอดเลือด (Beta-Blockers),รับประทานวันละ 2 ครั้ง **แนะนำให้รับประทานพร้อมอาหาร** เพื่อชะลออัตราการดูดซึมและลดการเกิดความดันตกเมื่อเปลี่ยนท่า,"ห้ามใช้ในผู้ป่วยโรคหืด (Asthma) หรือโรคหลอดลมอุดกั้นเรื้อรังรุนแรง, ภาวะหัวใจเต้นช้ากว่าปกติ (Bradycardia), ภาวะช็อกเนื่องจากโรคหัวใจ และห้ามหยุดยากะทันหันเพราะอาจเกิด Rebound Hypertension","เวียนศีรษะ, อ่อนเพลีย, ชีพจรเต้นช้า, ความดันโลหิตต่ำ, น้ำหนักตัวเพิ่มขึ้น, และภาวะน้ำตาลในเลือดต่ำหรือสูงในผู้ป่วยเบาหวาน"
Montelukast,มอนเทลูคาสต์,ป้องกันและรักษาโรคหืดเรื้อรัง และบรรเทาอาการของโรคภูมิแพ้อากาศ (Allergic Rhinitis),ยาระบบทางเดินหายใจ (Leukotriene Receptor Antagonists),รับประทานวันละ 1 ครั้ง สำหรับโรคหืดให้รับประทานตอนเย็นหรือก่อนนอน สำหรับโรคภูมิแพ้อากาศสามารถรับประทานเวลาใดก็ได้,ไม่ควรใช้เพื่อบรรเทาอาการหอบหืดเฉียบพลัน (ไม่ใช้แทนยาพ่นขยายหลอดลม) เฝ้าระวังอาการเปลี่ยนแปลงทางจิตใจ พฤติกรรม หรือความคิดฆ่าตัวตาย (Neuropsychiatric events),"ปวดศีรษะ, ปวดท้อง, ไข้, ไอ, ไอเป็นเลือด, ฝันร้าย, วิตกกังวล, นอนไม่หลับ, และมีอาการกระสับกระส่าย"
Fexofenadine,เฟกโซเฟนาดีน,บรรเทาอาการภูมิแพ้ เช่น จาม น้ำมูกไหล คันตา น้ำตาไหล และรักษาโรคผื่นคันลมพิษเรื้อรัง,ยาแก้แพ้ (Antihistamines - Non-sedating),รับประทานวันละ 1 ครั้ง (60 มิลลิกรัม หรือ 180 มิลลิกรัม) หรือแบ่งทานวันละ 2 ครั้ง แนะนำให้ทานกับน้ำเปล่า หลีกเลี่ยงการทานพร้อมน้ำผลไม้ (เช่น น้ำส้ม น้ำแอปเปิ้ล น้ำเกรปฟรุต) เพราะลดการดูดซึมยา,ระวังการใช้ในผู้ป่วยโรคไต (อาจต้องปรับลดขนาดยา) หลีกเลี่ยงการทานร่วมกับยาลดกรดที่มีส่วนผสมของอลูมิเนียมและแมกนีเซียมภายใน 2 ชั่วโมง,"ปวดศีรษะ, ง่วงซึมเล็กน้อย (พบได้น้อยกว่ายาแก้แพ้รุ่นแรก), คลื่นไส้, วิงเวียนศีรษะ, และปากแห้งคอแห้ง"
Esomeprazole,อีโซเมพราโซล,ยับยั้งการหลั่งกรดในกระเพาะอาหาร รักษาและป้องกันแผลในกระเพาะอาหารและลำไส้ และรักษาโรคกรดไหลย้อน (GERD),ยาระบบทางเดินอาหาร (Proton Pump Inhibitors - PPIs),รับประทานวันละ 1 ครั้ง ครั้งละ 20-40 มิลลิกรัม ก่อนอาหารอย่างน้อย 30-60 นาที (มักแนะนำก่อนอาหารเช้า) ต้องกลืนทั้งเม็ด ห้ามเคี้ยวหรือบด,"การใช้ติดต่อกันเป็นเวลานานอาจเพิ่มความเสี่ยงต่อกระดูกหัก (Osteoporosis), ภาวะแมกนีเซียมในเลือดต่ำ (Hypomagnesemia), และการติดเชื้อในลำไส้จากเชื้อ C. difficile","ปวดศีรษะ, ท้องเสียหรือท้องผูก, ปวดท้อง, ท้องอืด, คลื่นไส้ อาเจียน, และปากแห้ง"
Colpermin / Peppermint oil,น้ำมันเปปเปอร์มินต์แคปซูล,บรรเทาอาการปวดเกร็งช่องท้อง ท้องอืด ท้องเฟ้อ และแน่นท้องในผู้ป่วยโรคลำไส้แปรปรวน (IBS),ยาระบบทางเดินอาหาร (Antispasmodics / Carminatives),รับประทานครั้งละ 1-2 แคปซูล วันละ 3 ครั้ง ก่อนอาหารประมาณ 30-60 นาที พร้อมน้ำเปล่าปริมาณมาก ห้ามเคี้ยวหรือทำให้แคปซูลแตก,ห้ามรับประทานพร้อมอาหารหรือรับประทานร่วมกับยาลดกรด เพราะจะทำให้เปลือกแคปซูลชนิดพิเศษละลายก่อนถึงลำไส้ ทำให้เกิดกรดไหลย้อนรุนแรง รูทวารหนักระคายเคือง,"แสบร้อนกลางอก (Heartburn), คลื่นไส้, อาเจียน, แสบร้อนบริเวณรูทวารหนัก, และอาจมีผื่นคันตามผิวหนังหากแพ้ยา"
Azithromycin,อะซิโธรมัยซิ,รักษาอาการติดเชื้อแบคทีเรียในระบบทางเดินหายใจ (เช่น ปอดบวม หลอดลมอักเสบ) ติดเชื้อที่ผิวหนัง และโรคติดต่อทางเพศสัมพันธ์ (เช่น หนองในเทียม),ยาต้านจุลชีพ (Antibiotics / Macrolides),รับประทานวันละ 1 ครั้ง ติดต่อกัน 3 หรือ 5 วัน (ขึ้นกับความรุนแรงของโรค) สามารถรับประทานพร้อมอาหารหรือไม่ก็ได้ (ยกเว้นรูปแบบยาน้ำแขวนตะกอนบางยี่ห้อ),ระวังการใช้ในผู้ป่วยที่มีภาวะหัวใจเต้นผิดจังหวะชนิด QT Prolongation หรือผู้ที่มีระดับโพแทสเซียม/แมกนีเซียมในเลือดต่ำ ระวังการเกิดพิษต่อตับ และต้องทานยาให้ครบกำหนดแม้รวมถึงอาการจะดีขึ้นแล้ว,"ท้องเสีย, คลื่นไส้, ปวดท้อง, อาเจียน, การรับรสชาติเปลี่ยนไป, มีเสียงวิ้งในหูหรือหูอื้อชั่วคราว, และตับอักเสบ"
Pregabalin ,พรีกาบาลิน,"บรรเทาอาการปวดประสาท (Neuropathic Pain) จากเบาหวานหรืองูสวัด, รักษาโรคฟิโบรมัยอัลเจีย (Fibromyalgia) และใช้ร่วมเพื่อควบคุมอาการชัก",ยาระบบประสาท (Anticonvulsants / Neuropathic Pain Agents),รับประทานวันละ 2-3 ครั้ง ขนาดเริ่มต้นมักเป็น 75-150 มิลลิกรัมต่อวัน สามารถทานพร้อมอาหารหรือไม่ก็ได้,ห้ามหยุดยาในทันทีเนื่องจากอาจเกิดอาการถอนยา (เช่น นอนไม่หลับ ปวดศีรษะ วิตกกังวล) ระวังในผู้ป่วยโรคไต (ต้องปรับลดขนาด) และอาจทำให้มีความคิดหรือพฤติกรรมฆ่าตัวตาย,"ง่วงซึมอย่างมาก, วิงเวียนศีรษะ, ตาพร่ามัวหรือเห็นภาพซ้อน, ปากแห้ง, น้ำหนักตัวเพิ่มขึ้น, มีอาการบวมส่วนปลาย (Peripheral edema), และสมาธิสั้นลง"
Fluoxetine,ฟลูออกซิทีน,"รักษาโรคซึมเศร้า (Major Depressive Disorder), โรคย้ำคิดย้ำทำ (OCD), โรคตื่นตระหนก (Panic Disorder) และโรคกินไม่หยุด (Bulimia Nervosa)",ยาระบบประสาท (Antidepressants / SSRIs),รับประทานวันละ 1 ครั้ง ครั้งละ 20 มิลลิกรัม แนะนำให้รับประทานตอนเช้า เพื่อหลีกเลี่ยงอาการนอนไม่หลับ,ห้ามใช้ร่วมกับยาในกลุ่ม MAOIs หรือต้องเว้นระยะห่างอย่างน้อย 5 สัปดาห์หลังหยุดยา ระวังภาวะ Serotonin Syndrome และระวังความคิดฆ่าตัวตายเพิ่มสูงขึ้นในช่วงเริ่มยา (โดยเฉพาะในเด็กและวัยรุ่น),"นอนไม่หลับ, วิตกกังวล, ปวดศีรษะ, คลื่นไส้, ท้องเสีย, เบื่ออาหารทำให้น้ำหนักลด, อ่อนเพลีย, และสมรรถภาพทางเพศลดลง"
Lorazepam,ลอราซีแพม,"บรรเทาภาวะวิตกกังวลอย่างรุนแรงชั่วคราว, ใช้เป็นยาร่วมช่วยให้นอนหลับจากความเครียด และสงบอาการชัก",ยาระบบประสาท (Anxiolytics / Sedatives / Benzodiazepines),รับประทานครั้งละ 0.5-2 มิลลิกรัม วันละ 2-3 ครั้ง สำหรับอาการวิตกกังวล หรือทานครั้งเดียวก่อนนอนเพื่อช่วยนอนหลับ ยานี้จัดเป็นวัตถุออกฤทธิ์ต่อจิตและประสาทประเภท 2,เสี่ยงต่อการติดยาและการดื้อยาเมื่อใช้ติดต่อกันเกิน 2-4 สัปดาห์ ห้ามดื่มแอลกอหอล์ระหว่างใช้ยาเด็ดขาดเพราะเสริมฤทธิ์กดประสาทส่วนกลางจนหยุดหายใจได้ ห้ามขับขี่ยานพาหนะหรือทำงานกับเครื่องจักร,"ง่วงซึมมาก, วิงเวียนศีรษะ, กล้ามเนื้อทำงานไม่ประสานกัน (Ataxia), เดินเซ, หลงลืมระยะสั้น, และสับสนในผู้สูงอายุ"
Glucosamine sulfate,กลูโคซามีน ซัลเฟต,บรรเทาอาการปวดและขัดในข้อ ชะลอการเสื่อมของกระดูกอ่อนในโรคข้อเข่าเสื่อม,ยารักษาโรคข้อและกระดูก (Antiosteoarthritis),"รับประทานวันละ 1,500 มิลลิกรัม ทานครั้งเดียวหรือแบ่งวันละ 3 ครั้ง แนะนำให้รับประทานพร้อมอาหาร ติดต่อกันอย่างน้อย 4-12 สัปดาห์เพื่อเห็นผล","ระวังการใช้ในผู้ป่วยที่แพ้อาหารทะเลจำพวกสัตว์น้ำมีเปลือก (กุ้ง, กั้ง, ปู) เนื่องจากตัวยาอาจสกัดมาจากเปลือกสัตว์เหล่านี้ ระวังในผู้ป่วยเบาหวานเพราะอาจส่งผลต่อการควบคุมระดับน้ำตาลในเลือด","แสบร้อนกลางอก, ปวดท้อง, ท้องอืด ท้องเฟ้อ, ท้องเสียหรือท้องผูก, ปวดศีรษะ, และมีผื่นคัน"
Methocarbamol,เมโทคาร์บามอ,บรรเทาอาการปวดเกร็งของกล้ามเนื้อลายในภาวะเฉียบพลัน เช่น ปวดหลังส่วนล่าง คอตกหมอน หรือกล้ามเนื้ออักเสบ,ยาคลายกล้ามเนื้อ (Skeletal Muscle Relaxants),"รับประทานครั้งละ 1,500 มิลลิกรัม (3 เม็ดของขนาด 500 มก.) วันละ 4 ครั้ง ในช่วง 2-3 วันแรก จากนั้นลดขนาดลงเหลือวันละ 4 ครั้ง ครั้งละ 1,000 มิลลิกรัม",มีฤทธิ์กดประสาทส่วนกลาง ห้ามดื่มแอลกอฮอล์หรือใช้ร่วมกับยากดประสาทชนิดอื่น ห้ามขับรถหรือทำงานเสี่ยงอันตราย ระวังการใช้ในผู้ป่วยโรคตับและโรคไต,"ง่วงนอน, เวียนศีรษะ, หน้ามืด, คลื่นไส้, ตาพร่า, ปวดศีรษะ, และอาจทำให้ปัสสาวะเปลี่ยนเป็นสีดำ สีเขียว หรือสีน้ำตาล (ไม่มีอันตราย)"
Finasteride,ฟิแนสเทอไรด์,รักษาโรคต่อมลูกหมากโต (BPH) เพื่อลดขนาดต่อมลูกหมาก (ขนาด 5 มก.) หรือใช้รักษาอาการผมร่วงในเพศชาย (ขนาด 1 มก.),ยาระบบทางเดินปัสสาวะ / รักษาผมร่วง (5-alpha Reductase Inhibitors),รับประทานวันละ 1 ครั้ง ครั้งละ 1 มิลลิกรัม หรือ 5 มิลลิกรัม (ตามข้อบ่งใช้) สามารถทานพร้อมอาหารหรือไม่ก็ได้ ต้องทานต่อเนื่องอย่างน้อย 3-6 เดือนจึงจะเห็นผลชัดเจน,ห้ามใช้ในผู้หญิงและเด็กเด็ดขาด สตรีมีครรภ์หรือวัยเจริญพันธุ์ไม่ควรสัมผัสเม็ดยาที่แตกหรือหัก เพราะยาดูดซึมผ่านผิวหนังและทำให้ทารกเพศชายในครรภ์มีอวัยวะเพศพิการได้ ยานี้มีผลลดค่า PSA ในเลือดลงครึ่งหนึ่ง,"ความต้องการทางเพศลดลง, อวัยวะเพศไม่แข็งตัว, ปริมาณน้ำอสุจิลดลง, หน้าอกขยายใหญ่ขึ้นหรือมีอาการเจ็บเต้านม"
Clarithromycin,คลาริโธรมัยซิน,"รักษาโรคติดเชื้อแบคทีเรียในระบบทางเดินหายใจ, ผิวหนัง และใช้ร่วมในสูตรยาเพื่อกำจัดเชื้อ H. pylori ในกระเพาะอาหาร",ยาต้านจุลชีพ (Antibiotics / Macrolides),รับประทานครั้งละ 250-500 มิลลิกรัม วันละ 2 ครั้ง (ทุก 12 ชั่วโมง) ติดต่อกัน 7-14 วัน สามารถทานพร้อมอาหารหรือไม่ก็ได้ (แต่การทานพร้อมอาหารช่วยลดการระคายเคืองกระเพาะได้),"ห้ามใช้ร่วมกับยา Simvastatin, Atorvastatin (เสี่ยงกล้ามเนื้อสลายรุนแรง) และห้ามใช้ร่วมกับยา Colchicine ในผู้ป่วยโรคไต ระวังในผู้ป่วยที่มีภาวะ QT prolongation","การรับรสผิดปกติ (รู้สึกขมในปาก/รสโลหะ), ท้องเสีย, คลื่นไส้, อาเจียน, ปวดท้อง, ปวดศีรษะ, และเอนไซม์ตับเพิ่มสูงขึ้น"
Spironolactone,สไปโรโนแลคโตน,รักษาภาวะบวมน้ำจากโรคหัวใจล้มเหลว โรคตับแข็ง หรือโรคไต และใช้รักษาความดันโลหิตสูง รวมถึงภาวะฮอร์โมนแอลโดสเตอโรนสูง,ยาขับปัสสาวะ (Potassium-Sparing Diuretics),รับประทานวันละ 1 ครั้ง หรือแบ่งวันละ 2 ครั้ง แนะนำให้รับประทานพร้อมอาหาร เพื่อเพิ่มการดูดซึมและลดอาการระคายเคืองทางเดินอาหาร,"ห้ามใช้ในผู้ป่วยที่มีภาวะไตวายเฉียบพลันหรือโรคไตระยะรุนแรง, ภาวะอนูเรีย (ปัสสาวะไม่ออก) และผู้ที่มีภาวะโพแทสเซียมในเลือดสูง (Hyperkalemia) หลีกเลี่ยงการทานอาหารที่มีโพแทสเซียมสูง","โพแทสเซียมในเลือดสูง, คัดตึงหน้าอกหรือเต้านมโตในเพศชาย (Gynecomastia), ประจำเดือนมาไม่สม่ำเสมอ, ขาเป็นตะคริว, และวิงเวียนศีรษะ"
Levofloxacin,ลีโวฟล็อกซาซิน,"รักษาโรคติดเชื้อแบคทีเรียรุนแรง เช่น ปอดบวม, ไซนัสอักเสบเฉียบพลัน, ทางเดินปัสสาวะอักเสบซับซ้อน และการติดเชื้อที่ผิวหนัง",ยาต้านจุลชีพ (Antibiotics / Fluoroquinolones),"รับประทานวันละ 1 ครั้ง ครั้งละ 250, 500 หรือ 750 มิลลิกรัม (ขึ้นกับชนิดของโรค) ดื่มน้ำตามมากๆ ห้ามรับประทานร่วมกับยาลดกรด นม หรือยาบำรุงที่มีแร่ธาตุเหล็ก/สังกะสีภายใน 2 ชั่วโมง",เสี่ยงต่อการเกิดเส้นเอ็นอักเสบและเส้นเอ็นร้อยหวายฉีกขาด (Tendon rupture) ห้ามใช้ในผู้ป่วยโรคกล้ามเนื้ออ่อนแรง (Myasthenia Gravis) ระวังระดับน้ำตาลในเลือดผันผวน และอาการทางระบบประสาท เช่น ชัก,"คลื่นไส้, ท้องเสีย, ปวดศีรษะ, นอนไม่หลับ, วิงเวียนศีรษะ, ผิวหนังไวต่อแสงแดด (Photosensitivity), และปวดข้อ/ปวดกล้ามเนื้อ"
Metoclopramide,เมโทโคลพราไมด์,รักษาอาการคลื่นไส้ อาเจียน และช่วยกระตุ้นการเคลื่อนไหวของกระเพาะอาหาร,ยาแก้คลื่นไส้อาเจียน (Antiemetic),รับประทานก่อนอาหารประมาณ 30 นาที วันละ 3-4 ครั้ง หรือตามแพทย์สั่ง,อาจทำให้ง่วงนอน ไม่ควรใช้ติดต่อกันเป็นเวลานานโดยไม่ปรึกษาแพทย์ ระวังการใช้ในผู้ป่วยโรคลมชักและผู้ป่วยพาร์กินสัน,ง่วงนอน เวียนศีรษะ กระสับกระส่าย ปากแห้ง ท้องเสีย
Cetirizine,เซทิริซีน,บรรเทาอาการภูมิแพ้ทางเดินหายใจ เช่น จาม น้ำมูกไหล คันจมูก คันตา น้ำตาไหล จากโรคภูมิแพ้อากาศ และบรรเทาอาการผื่นคัน ลมพิษเรื้อรัง,ยาแก้แพ้ (Antihistamines - Second Generation / กลุ่มที่ทำให้ง่วงน้อย),ผู้ใหญ่และเด็กอายุ 6 ปีขึ้นไป รับประทานวันละ 1 ครั้ง ครั้งละ 1 เม็ด (10 มิลลิกรัม) สามารถรับประทานพร้อมอาหารหรือไม่ก็ได้,แม้จะเป็นยาแก้แพ้กลุ่มที่พัฒนาไม่ให้ง่วงนอน แต่ในผู้ป่วยบางรายยังคงมีอาการง่วงซึมได้ จึงควรระวังในการขับขี่ยานพาหนะหรือทำงานกับเครื่องจักร หลีกเลี่ยงการทานร่วมกับแอลกอหอล์ หรือยากดประสาทชนิดอื่น และต้องปรับลดขนาดยาลงครึ่งหนึ่งในผู้ป่วยที่มีการทำงานของไตบกพร่องปานกลางถึงรุนแรง,"ง่วงซึม (Somnolence), อ่อนเพลีย (Fatigue), ปากแห้ง (Dry mouth), ปวดศีรษะ (Headache), วิงเวียนศีรษะ (Dizziness), และระคายเคืองทางเดินอาหาร (GI discomfort)"
Hydrocortisone,ไฮโดรคอร์ติโซน,รักษาอาการอักเสบ ผื่นแพ้ คัน และโรคผิวหนังบางชนิด,ยาสเตียรอยด์ (Corticosteroid),ทาบาง ๆ บริเวณที่มีอาการ วันละ 2-3 ครั้ง หรือตามแพทย์สั่ง,ไม่ควรใช้ติดต่อกันเป็นเวลานาน ไม่ควรใช้กับแผลเปิดหรือบริเวณที่ติดเชื้อโดยไม่ปรึกษาแพทย์,ผิวหนังบาง แสบ คัน ระคายเคือง สีผิวเปลี่ยนเมื่อใช้เป็นเวลานาน
Clonazepam,โคลนาซีแพม,ควบคุมอาการชัก (โรคลมบ้าหมู) และรักษาโรคตื่นตระหนกเฉียบพลัน (Panic Disorder),ยาระบบประสาท (Anticonvulsants / Benzodiazepines),รับประทานตามแพทย์สั่งอย่างเคร่งครัด (มักเริ่มจากขนาดต่ำและแบ่งทานวันละ 2-3 ครั้ง) จัดเป็นวัตถุออกฤทธิ์ต่อจิตและประสาทประเภท 2,มีโอกาสเกิดการดื้อยาและติดยาได้สูงมากหากใช้ระยะยาว ห้ามหยุดยากะทันหันเพราะอาจกระตุ้นให้เกิดอาการชักต่อเนื่องไม่หยุด (Status epilepticus) ห้ามขับรถและห้ามดื่มแอลกอฮอล์,"ง่วงนอนมาก, อ่อนเพลีย, กล้ามเนื้ออ่อนแรง, ทรงตัวลำบาก, เดินเซ, สับสน, ซึมเศร้า, และความจำระยะสั้นเสื่อมลง"
Itraconazol,อิทราโคนาโซล,รักษาโรคติดเชื้อราในระบบอวัยวะภายใน และโรคเชื้อราที่ผิวหนังหรือเล็บที่ใช้ยาเฉพาะที่ไม่ได้ผล,ยาต้านเชื้อรา (Antifungals / Azoles),รับประทานวันละ 1-2 ครั้ง (ขึ้นกับข้อบ่งใช้) ต้องรับประทานทันทีหลังอาหารมื้อหลัก เพื่อให้กรดในกระเพาะช่วยในการดูดซึมยาได้ดีที่สุด,ห้ามใช้ในผู้ป่วยที่มีภาวะหัวใจล้มเหลว (Congestive Heart Failure) ระวังการเกิดพิษต่อตับอย่างรุนแรง (ต้องตรวจค่าตับหากใช้ระยะยาว) และมีปฏิกิริยากับยาอื่นสูงมาก (Drug interactions),"คลื่นไส้, อาเจียน, ปวดท้อง, ท้องเสีย, ปวดศีรษะ, เวียนศีรษะ, ผื่นคัน, บวมน้ำ, และตับอักเสบ"
Hydroxyzine,ไฮดรอกซิซีน,บรรเทาอาการคันจากผื่นแพ้ผิวหนัง ลมพิษ และใช้ลดความวิตกกังวล ช่วยให้นอนหลับก่อนการผ่าตัด,ยาแก้แพ้ / ยาสงบประสาท (Antihistamines - Sedating),รับประทานครั้งละ 10-25 มิลลิกรัม วันละ 3-4 ครั้ง สำหรับอาการผื่นคัน หรือรับประทาน 25-50 มิลลิกรัมก่อนนอนเพื่อช่วยนอนหลับ สามารถทานพร้อมอาหารหรือไม่ก็ได้,ยานี้ทำให้ง่วงซึมรุนแรง ห้ามขับขี่ยานพาหนะ หลีกเลี่ยงการใช้ในผู้สูงอายุเพราะเสี่ยงต่อการพลัดตกหกล้มและตาพร่า/ปัสสาวะคั่ง ห้ามใช้ร่วมกับแอลกอฮอล์ ระวังภาวะ QT prolongation,"ง่วงซึมมาก, ปากแห้ง คอแห้ง, ตาพร่ามัว, ท้องผูก, ปัสสาวะขัด, มึนงง ปวดศีรษะ, และในเด็กเล็กอาจเกิดอาการกระสับกระส่ายสับสนแทน"
Propranolol,โพรพราโนลอล,"รักษาความดันโลหิตสูง, อาการเจ็บหน้าอก (Angina pectoris), หัวใจเต้นผิดจังหวะ, ป้องกันโรคไมเกรน และลดอาการสั่น/ใจสั่นจากความวิตกกังวลหรือไทรอยด์เป็นพิษ",ยารักษาโรคระบบหัวใจและหลอดเลือด (Non-selective Beta-Blockers),รับประทานวันละ 2-4 ครั้ง (ขึ้นอยู่กับโรคและขนาดยาที่แพทย์กำหนด) ควรรับประทานก่อนอาหารหรือพร้อมอาหาร และทานเวลาเดียวกันทุกวัน,ห้ามใช้ในผู้ป่วยโรคหืด (Asthma) หรือหลอดลมหดเกร็งเด็ดขาด เนื่องจากยาจะไปปิดกั้นหลอดลมทำให้หายใจไม่ออกรุนแรง ห้ามใช้ในผู้ป่วยหัวใจเต้นช้า และห้ามหยุดยากะทันหัน,"ชีพจรเต้นช้าผิดปกติ, มือเท้าเย็น, อ่อนเพลียเหนื่อยง่าย, นอนไม่หลับหรือฝันร้าย, หลอดลมหดเกร็"
Cetirizine,เซทิริซีน,บรรเทาอาการภูมิแพ้ทางเดินหายใจ เช่น จาม น้ำมูกไหล คันจมูก คันตา น้ำตาไหล จากโรคภูมิแพ้อากาศ และบรรเทาอาการผื่นคัน ลมพิษเรื้อรัง,ยาแก้แพ้ (Antihistamines - Second Generation / กลุ่มที่ทำให้ง่วงน้อย),ผู้ใหญ่และเด็กอายุ 6 ปีขึ้นไป รับประทานวันละ 1 ครั้ง ครั้งละ 1 เม็ด (10 มิลลิกรัม) สามารถรับประทานพร้อมอาหารหรือไม่ก็ได้,แม้จะเป็นยาแก้แพ้กลุ่มที่พัฒนาไม่ให้ง่วงนอน แต่ในผู้ป่วยบางรายยังคงมีอาการง่วงซึมได้ จึงควรระวังในการขับขี่ยานพาหนะหรือทำงานกับเครื่องจักร หลีกเลี่ยงการทานร่วมกับแอลกอหอล์ หรือยากดประสาทชนิดอื่น และต้องปรับลดขนาดยาลงครึ่งหนึ่งในผู้ป่วยที่มีการทำงานของไตบกพร่องปานกลางถึงรุนแรง,"ง่วงซึม (Somnolence), อ่อนเพลีย (Fatigue), ปากแห้ง (Dry mouth), ปวดศีรษะ (Headache), วิงเวียนศีรษะ (Dizziness), และระคายเคืองทางเดินอาหาร (GI discomfort)"
Metoclopramide,เมโทโคลพราไมด์,รักษาอาการคลื่นไส้ อาเจียน และช่วยกระตุ้นการเคลื่อนไหวของกระเพาะอาหาร,ยาแก้คลื่นไส้อาเจียน (Antiemetic),รับประทานก่อนอาหาร 30 นาที วันละ 3 ครั้ง,ไม่ควรใช้ติดต่อกันเกิน 5 วัน เพราะอาจทำให้เกิดอาการกล้ามเนื้อเกร็งหรือเคลื่อนไหวผิดปกติ,ง่วงนอน อ่อนเพลีย กระสับกระส่าย และอาจเกิดอาการกล้ามเนื้อเกร็ง
Levothyroxine,เลโวไทร็อกซีน,รักษาภาวะต่อมไทรอยด์ทำงานน้อย (Hypothyroidism),ยาฮอร์โมนไทรอยด์,รับประทานวันละ 1 ครั้ง ก่อนอาหารเช้าอย่างน้อย 30-60 นาที,ห้ามรับประทานพร้อมนม แคลเซียม หรือธาตุเหล็ก เพราะลดการดูดซึมของยา,ใจสั่น มือสั่น นอนไม่หลับ เหงื่อออก และน้ำหนักลด หากได้รับยาเกินขนาด
Gabapentin,กาบาเพนติน,รักษาอาการปวดปลายประสาท และช่วยควบคุมอาการชัก,ยากันชักและบรรเทาอาการปวดปลายประสาท,รับประทานวันละ 1-3 ครั้ง ตามแพทย์สั่ง,อาจทำให้ง่วงนอนและเวียนศีรษะ ไม่ควรหยุดยาเองทันที,ง่วงนอน เวียนศีรษะ เดินเซ อ่อนเพลีย
Acyclovir,อะไซโคลเวียร์,รักษาโรคเริม งูสวัด และอีสุกอีใส,ยาต้านไวรัส (Antiviral),รับประทานตามแพทย์สั่ง วันละ 3-5 ครั้ง และดื่มน้ำมาก ๆ,ควรเริ่มใช้ยาเมื่อเริ่มมีอาการ และรับประทานให้ครบตามแพทย์สั่ง,คลื่นไส้ ปวดศีรษะ ท้องเสีย อ่อนเพลีย
Fluconazole,ฟลูโคนาโซล,รักษาการติดเชื้อราที่ผิวหนัง ช่องปาก และช่องคลอด,ยาต้านเชื้อรา (Antifungal),รับประทานวันละ 1 ครั้ง ตามแพทย์สั่ง,ไม่ควรหยุดยาเองก่อนครบกำหนด และควรแจ้งแพทย์หากมีโรคตับ,คลื่นไส้ ปวดศีรษะ ปวดท้อง ผื่น